survey_date,observers,site,waypoint,species,count,cover,notes,key1,key2
2021-05-08,"AC, SA, DC",Yerington,1,none,,,SAVE4 shrubs in area,survey_date,date that the vegetation survey occurred. YYYY-MM-DD
2021-05-08,"AC, SA, DC",Yerington,5,SAVE4,1,40,,observers,"AC = Anson Call, SA = Sami Akiba, DC = Douglas Collins, BB = Benjamin Baker, BD = Brooke DerAshodian SC = Shannon Campbell"
2021-05-08,"AC, SA, DC",Yerington,5,Cryptantha,12,1,,site,the farm where the survey occurred
2021-05-08,"AC, SA, DC",Yerington,5,ALDE,29,1,,waypoint,"Corresponds to a waypoint in the .gpx files. May not be an exact match, e.g. Yerington 1 may be Y1 in the gpx file"
2021-05-08,"AC, SA, DC",Yerington,8,HAGL,3,1,,species,"NRCS code when known. Many species still in plant press, yet to be identified"
2021-05-08,"AC, SA, DC",Yerington,8,SAVE4,1,20,,count,number of individuals of a given species present in the 1x1m plot. Didn’t always count if the number was very high
2021-05-08,"AC, SA, DC",Yerington,8,ALDE,29,1,,cover,"visual estimate of the ground cover for a given species. 1 == “present, but cover is minimal.”"
2021-05-08,"AC, SA, DC",Yerington,9,HAGL,1,1,,notes,misc notes
2021-05-08,"AC, SA, DC",Yerington,9,SAVE4,1,5,,,
2021-05-08,"AC, SA, DC",Yerington,7,HAGL,3,1,,,
2021-05-08,"AC, SA, DC",Yerington,7,ALDE,2,1,,,
2021-05-08,"AC, SA, DC",Yerington,7,UNK1,3,1,,,
2021-05-08,"AC, SA, DC",Yerington,7,HAGL,4,1,,,
2021-05-08,"AC, SA, DC",Yerington,7,SUMO,15,1,,,
2021-05-08,"AC, SA, DC",Yerington,14,HAGL,5,1,,,
2021-05-08,"AC, SA, DC",Yerington,14,SATR12,2,1,,,
2021-05-08,"AC, SA, DC",Yerington,14,DEPI,16,1,,,
2021-05-08,"AC, SA, DC",Yerington,16,none,,,in dairy farm,,
2021-05-08,"AC, SA, DC",Yerington,13,none,,,in dairy farm,,
2021-05-08,"AC, SA, DC",Yerington,25,none,,,in dairy farm,,
2021-05-08,"AC, SA, DC",Yerington,28,Cryptantha,1,1,,,
2021-05-08,"AC, SA, DC",Yerington,28,BRTE,106,10,,,
2021-05-08,"AC, SA, DC",Yerington,28,HAGL,1,1,,,
2021-05-08,"AC, SA, DC",Yerington,28,DEPI,3,1,,,
2021-05-08,"AC, SA, DC",Yerington,28,MEAL6,2,1,,,
2021-05-08,"AC, SA, DC",Yerington,28,SATR12,1,1,,,
2021-05-08,"AC, SA, DC",Yerington,28,ONAG1,22,5,,,
2021-05-08,"AC, SA, DC",Yerington,30,MEAL6,7,1,,,
2021-05-08,"AC, SA, DC",Yerington,30,BRTE,78,15,,,
2021-05-08,"AC, SA, DC",Yerington,30,PSPO,1,1,,,
2021-05-08,"AC, SA, DC",Yerington,30,Cryptantha,1,1,,,
2021-05-08,"AC, SA, DC",Yerington,19,UNK4,20,5,,,
2021-05-08,"AC, SA, DC",Yerington,17,none,,,,,
2021-05-08,"AC, SA, DC",Yerington,20,UNK4,80,,,,
2021-05-08,"AC, SA, DC",Yerington,20,corn,,5,,,
2021-05-08,"AC, SA, DC",Yerington,20,UNK3,2,1,,,
2021-05-08,"AC, SA, DC",Yerington,20,Poaceae,,5,,,
2021-05-08,"AC, SA, DC",Yerington,22,MESA,,95,,,
2021-05-08,"AC, SA, DC",Yerington,22,DEPI,2,1,,,
2021-05-08,"AC, SA, DC",Yerington,22,TEOF,2,1,,,
2021-05-08,"AC, SA, DC",Yerington,15,onion,,5,agricultural onion field. Homogenous,,
2021-05-08,"AC, SA, DC",Yerington,11,,,,peri onion farm. Did not trespass,,
2021-05-08,"AC, SA, DC",Yerington,10,,,,peri onion farm. Did not trespass,,
2021-05-08,"AC, SA, DC",Yerington,12,none,,,bare soil – fallow field,,
2021-05-08,"AC, SA, DC",Yerington,8B,ALDE,21,1,"already did 8 once, but accidentally circled back to the waypoint and surveyed a slightly different spot. May decide to throw this one out.",,
2021-05-08,"AC, SA, DC",Yerington,8B,UNK5,848,10,"already did 8 once, but accidentally circled back to the waypoint and surveyed a slightly different spot. May decide to throw this one out.",,
2021-05-08,"AC, SA, DC",Yerington,2,onion,,,agricultural onion field. Homogenous,,
2021-05-08,"AC, SA, DC",Yerington,3,onion,,,agricultural onion field. Homogenous,,
2021-05-08,"AC, SA, DC",Yerington,4,onion,,,agricultural onion field. Homogenous,,
2021-05-08,"AC, SA, DC",Yerington,6,onion,,,agricultural onion field. Homogenous,,
2021-05-08,"AC, SA, DC",Yerington,27,MEAL6,1,1,,,
2021-05-08,"AC, SA, DC",Yerington,27,DEPI,1,1,,,
2021-05-08,"AC, SA, DC",Yerington,30,UNK2,1,1,,,
2021-05-08,"AC, SA, DC",Yerington,32,SAVE4,1,20,,,
2021-05-08,"AC, SA, DC",Yerington,32,ALDE,4,1,,,
2021-05-08,"AC, SA, DC",Yerington,32,HAGL,1,1,,,
2021-05-08,"AC, SA, DC",Yerington,32,ONAG1,1,1,,,
2021-05-08,"AC, SA, DC",Yerington,32,CHEN1,1,1,,,
2021-05-08,"AC, SA, DC",Yerington,33,,,,bare soil,,
2021-05-08,"AC, SA, DC",Yerington,35,UNK3,22,,fuzzy plant,,
2021-05-08,"AC, SA, DC",Yerington,35,UNK4,35,,holey plant,,
2021-05-08,"AC, SA, DC",Yerington,36,dead annual,,50,dead annual – unidentifiable,,
2021-05-08,"AC, SA, DC",Yerington,34,,,,agricultural corn field – bare soil section,,
2021-05-08,"AC, SA, DC",Yerington,31,,,,road,,
2021-05-08,"AC, SA, DC",Yerington,29,MESA,,95,,,
2021-05-08,"AC, SA, DC",Yerington,29,CABU2,7,5,shepherd’s purse,,
2021-05-08,"AC, SA, DC",Yerington,29,LASE,2,1,,,
2021-05-08,"AC, SA, DC",Yerington,29,DEPI,1,1,,,
2021-05-08,"AC, SA, DC",Yerington,26,ZEMA,,100,ag monoculture,,
2021-05-08,"AC, SA, DC",Yerington,24,SAVE4,1,1,,,
2021-05-08,"AC, SA, DC",Yerington,24,ATCO,2,15,,,
2021-05-08,"AC, SA, DC",Yerington,24,HAGL,1,1,,,
2021-05-08,"AC, SA, DC",Yerington,23,ZEMA,,100,,,
2021-05-08,"AC, SA, DC",Yerington,18,UNK3,12,5,field margin,,
2021-05-08,"AC, SA, DC",Yerington,18,UNK4,5,1,field margin,,
2021-05-08,"AC, SA, DC",Yerington,18,SUMO,1,1,field margin,,
2021-05-08,"AC, SA, DC",Yerington,21,ZEMA,,50,,,
2021-05-08,"AC, SA, DC",Yerington,21,UNK4,30,10,,,
2021-05-08,"AC, SA, DC",Yerington,19,ZEMA,,80,,,
2021-05-08,"AC, SA, DC",Yerington,19,MESA,2,5,,,
2021-05-13,"AC, SA, BD",Fallon,1,ZEMA,,50,,,
2021-05-13,"AC, SA, BD",Fallon,1,ERCI6,2,1,,,
2021-05-13,"AC, SA, BD",Fallon,1,DEPI,1,1,,,
2021-05-13,"AC, SA, BD",Fallon,2,Equisetum,18,1,dead annuals present but not ID’d,,
2021-05-13,"AC, SA, BD",Fallon,3,BRTE,10,3,,,
2021-05-13,"AC, SA, BD",Fallon,3,UNK5,164,1,,,
2021-05-13,"AC, SA, BD",Fallon,3,MAPA5,1,1,,,
2021-05-13,"AC, SA, BD",Fallon,3,DEPI,4,1,,,
2021-05-13,"AC, SA, BD",Fallon,4,MESA,,65,,,
2021-05-13,"AC, SA, BD",Fallon,4,DEPI,6,5,,,
2021-05-13,"AC, SA, BD",Fallon,4,CABU2,6,5,,,
2021-05-13,"AC, SA, BD",Fallon,5,DEPI,8,5,,,
2021-05-13,"AC, SA, BD",Fallon,5,BRTE,1,1,,,
2021-05-13,"AC, SA, BD",Fallon,5,UNK6,3,5,,,
2021-05-13,"AC, SA, BD",Fallon,5,UNK4,4,1,,,
2021-05-13,"AC, SA, BD",Fallon,5,COAR4,2,1,,,
2021-05-13,"AC, SA, BD",Fallon,5,UNK5,11,1,,,
2021-05-13,"AC, SA, BD",Fallon,6,BRTE,48,20,,,
2021-05-13,"AC, SA, BD",Fallon,6,GRASS1,25,20,,,
2021-05-13,"AC, SA, BD",Fallon,6,GRASS2,5,20,,,
2021-05-13,"AC, SA, BD",Fallon,6,DEPI,1,1,,,
2021-05-13,"AC, SA, BD",Fallon,6,UNK5,1,1,,,
2021-05-13,"AC, SA, BD",Fallon,7,BRTE,100,30,,,
2021-05-13,"AC, SA, BD",Fallon,7,DEPI,2,1,,,
2021-05-13,"AC, SA, BD",Fallon,7,UNK5,2,1,,,
2021-05-13,"AC, SA, BD",Fallon,7,COAR4,5,5,,,
2021-05-13,"AC, SA, BD",Fallon,8,GRASS3,60,10,,,
2021-05-13,"AC, SA, BD",Fallon,8,MESA,5,10,,,
2021-05-13,"AC, SA, BD",Fallon,8,PLLA,10,5,,,
2021-05-13,"AC, SA, BD",Fallon,9,MESA,8,20,,,
2021-05-13,"AC, SA, BD",Fallon,9,BRTE,45,5,,,
2021-05-13,"AC, SA, BD",Fallon,9,ASSP,5,1,,,
2021-05-13,"AC, SA, BD",Fallon,9,IVAX,29,5,,,
2021-05-13,"AC, SA, BD",Fallon,10,,,,private property,,
2021-05-13,"AC, SA, BD",Fallon,13,,,,some dead HAGL – from last year?,,
2021-05-13,"AC, SA, BD",Fallon,12,UNK8,4,15,,,
2021-05-13,"AC, SA, BD",Fallon,12,SUMO,2,1,,,
2021-05-13,"AC, SA, BD",Fallon,12,ATCO,1,1,,,
2021-05-13,"AC, SA, BD",Fallon,14,,,,bare dirt road,,
2021-05-13,"AC, SA, BD",Fallon,15,DEPI,1,1,,,
2021-05-13,"AC, SA, BD",Fallon,15,ATCO,1,5,,,
2021-05-13,"AC, SA, BD",Fallon,15,BRTE,6,1,,,
2021-05-13,"AC, SA, BD",Fallon,15,UNK9,1,1,,,
2021-05-13,"AC, SA, BD",Fallon,16,SAVE4,1,10,,,
2021-05-13,"AC, SA, BD",Fallon,16,BRTE,3,1,,,
2021-05-13,"AC, SA, BD",Fallon,17,SAVE4,1,60,in the river bottom,,
2021-05-13,"AC, SA, BD",Fallon,18,,,,bare ground/dead shrubs,,
2021-05-13,"AC, SA, BD",Fallon,19,,,,private property,,
2021-05-13,"AC, SA, BD",Fallon,20,LEPI,120,15,,,
2021-05-13,"AC, SA, BD",Fallon,20,ZEMA,,5,,,
2021-05-13,"AC, SA, BD",Fallon,20,Atriplex sp.,12,1,,,
2021-05-13,"AC, SA, BD",Fallon,20,GRASS4,200,15,,,
2021-05-13,"AC, SA, BD",Fallon,22,MESA,,,"private property, survey from a distance",,
2021-05-13,"AC, SA, BD",Fallon,23,COAR4,14,30,,,
2021-05-13,"AC, SA, BD",Fallon,23,UNK10,62,30,,,
2021-05-13,"AC, SA, BD",Fallon,23,UNK5,114,5,,,
2021-05-13,"AC, SA, BD",Fallon,23,GRASS4,12,1,,,
2021-05-13,"AC, SA, BD",Fallon,24,MESA,,100,,,
2021-05-13,"AC, SA, BD",Fallon,25,UNK10,115,80,,,
2021-05-13,"AC, SA, BD",Fallon,25,COAR4,3,5,,,
2021-05-13,"AC, SA, BD",Fallon,26,GRASS5,12,5,,,
2021-05-13,"AC, SA, BD",Fallon,26,TEOF,1,5,,,
2021-05-13,"AC, SA, BD",Fallon,26,UNK5,123,5,,,
2021-05-13,"AC, SA, BD",Fallon,26,COAR4,34,35,,,
2021-05-13,"AC, SA, BD",Fallon,27,MESA,,100,,,
2021-05-13,"AC, SA, BD",Fallon,28,Cattails,1,1,,,
2021-05-13,"AC, SA, BD",Fallon,28,PLLA,19,10,,,
2021-05-13,"AC, SA, BD",Fallon,28,GRASS5,17,10,,,
2021-05-13,"AC, SA, BD",Fallon,28,UNK5,1,1,,,
2021-05-13,"AC, SA, BD",Fallon,30,PLLA,12,15,,,
2021-05-13,"AC, SA, BD",Fallon,30,UNK10,15,20,,,
2021-05-13,"AC, SA, BD",Fallon,30,COAR4,11,15,,,
2021-05-13,"AC, SA, BD",Fallon,30,DEPI,1,1,,,
2021-05-13,"AC, SA, BD",Fallon,30,UNK5,80,10,,,
2021-05-13,"AC, SA, BD",Fallon,30,GRASS6,12,10,,,
2021-05-13,"AC, SA, BD",Fallon,31,COAR4,6,5,,,
2021-05-13,"AC, SA, BD",Fallon,31,PLLA,20,30,,,
2021-05-13,"AC, SA, BD",Fallon,31,UNK5,36,10,,,
2021-05-13,"AC, SA, BD",Fallon,31,UNK11,16,15,,,
2021-05-13,"AC, SA, BD",Fallon,31,MESA,1,1,,,
2021-05-13,"AC, SA, BD",Fallon,31,TEOF,2,5,,,
2021-05-13,"AC, SA, BD",Fallon,31,GRASS6,150,10,,,
2021-05-13,"AC, SA, BD",Fallon,32,MESA,,100,,,
2021-05-13,"AC, SA, BD",Fallon,33,,,,asphalt,,
2021-05-13,"AC, SA, BD",Fallon,34,MESA,,,surveyed from a distance,,
2021-05-13,"AC, SA, BD",Fallon,36,,,,private property (house),,
2021-05-13,"AC, SA, BD",Fallon,35,,,,private property (house),,
2021-05-13,"AC, SA, BD",Fallon,37,GRASS3,,55,,,
2021-05-13,"AC, SA, BD",Fallon,37,COAR4,8,15,,,
2021-05-13,"AC, SA, BD",Fallon,37,BRTE,,5,,,
2021-05-13,"AC, SA, BD",Fallon,37,MESA,11,15,,,
2021-05-13,"AC, SA, BD",Fallon,37,ERCE6,9,1,,,
2021-05-13,"AC, SA, BD",Fallon,37,GRASS2,2,1,,,
2021-05-13,"AC, SA, BD",Fallon,38,MESA,,45,,,
2021-05-13,"AC, SA, BD",Fallon,39,MESA,,45,,,
2021-05-13,"AC, SA, BD",Fallon,39,ERCE6,45,1,,,
2021-05-13,"AC, SA, BD",Fallon,40,MESA,,65,,,
2021-05-13,"AC, SA, BD",Fallon,41,,,,"bare ground, junk yard",,
2021-05-13,"AC, SA, BD",Fallon,42,GRASS7,,100,canal bank,,
2021-05-13,"AC, SA, BD",Fallon,44,,,,private property (house),,
2021-05-13,"AC, SA, BD",Fallon,45,MESA,,85,,,
2021-05-13,"AC, SA, BD",Fallon,46,,,,private property (house),,
2021-05-13,"AC, SA, BD",Fallon,43,DEPI,100,35,,,
2021-05-13,"AC, SA, BD",Fallon,43,ZEMA,,35,,,
2021-05-13,"AC, SA, BD",Fallon,47,DEPI,,,,,
2021-05-13,"AC, SA, BD",Fallon,47,UNK5,1,1,,,
2021-05-13,"AC, SA, BD",Fallon,47,UNK4,2,5,,,
2021-05-13,"AC, SA, BD",Fallon,47,COAR4,1,1,,,
2021-05-13,"AC, SA, BD",Fallon,47,GRASS1,5,1,,,
2021-05-13,"AC, SA, BD",Fallon,48,ASFA,2,1,,,
2021-05-13,"AC, SA, BD",Fallon,48,MESA,1,5,,,
2021-05-13,"AC, SA, BD",Fallon,48,UNK4,12,5,,,
2021-05-13,"AC, SA, BD",Fallon,48,DEPI,1,5,,,
2021-05-13,"AC, SA, BD",Fallon,48,RhizoGRS,7,1,,,
2021-05-13,"AC, SA, BD",Fallon,48,UNK5,1,1,,,
2021-05-13,"AC, SA, BD",Fallon,48,UNK12,15,1,,,
2021-05-13,"AC, SA, BD",Fallon,49,RhizoGRS,2,1,mostly bare ground,,
2021-05-13,"AC, SA, BD",Fallon,50,UNK4,1,1,,,
2021-05-13,"AC, SA, BD",Fallon,50,ERCE6,8,15,,,
2021-05-13,"AC, SA, BD",Fallon,50,COAR4,1,1,,,
2021-05-13,"AC, SA, BD",Fallon,50,RhizoGRS,7,1,,,
2021-05-13,"AC, SA, BD",Fallon,51,MESA,,85,,,
2021-05-13,"AC, SA, BD",Fallon,52,,,,private property (house),,
2021-05-13,"AC, SA, BD",Fallon,53,DEPI,164,10,,,
2021-05-13,"AC, SA, BD",Fallon,53,UNK5,8,10,,,
2021-05-13,"AC, SA, BD",Fallon,54,ASFA,4,35,,,
2021-05-13,"AC, SA, BD",Fallon,54,UNK11,8,35,,,
2021-05-13,"AC, SA, BD",Fallon,55,MESA,,85,,,
2021-05-13,"AC, SA, BD",Fallon,56,DEPI,18,5,,,
2021-05-13,"AC, SA, BD",Fallon,56,UNK5,1,1,,,
2021-05-13,"AC, SA, BD",Fallon,57,,,,private property (house),,
2021-05-25,"AC, SA, DC",Minden,1,,,,bare field,,
2021-05-25,"AC, SA, DC",Minden,2,,,,bare field,,
2021-05-25,"AC, SA, DC",Minden,3,MESA,1,5,,,
2021-05-25,"AC, SA, DC",Minden,4,UNK13,8,1,,,
2021-05-25,"AC, SA, DC",Minden,4,UNK9,14,5,,,
2021-05-25,"AC, SA, DC",Minden,4,GRASS2,7,5,,,
2021-05-25,"AC, SA, DC",Minden,4,UNK5,43,10,,,
2021-05-25,"AC, SA, DC",Minden,4,MESA,1,2,,,
2021-05-25,"AC, SA, DC",Minden,5,BRTE,1,1,,,
2021-05-25,"AC, SA, DC",Minden,5,UNK5,34,5,,,
2021-05-25,"AC, SA, DC",Minden,5,UNK9,2,1,,,
2021-05-25,"AC, SA, DC",Minden,5,GRASSM1,1,1,,,
2021-05-25,"AC, SA, DC",Minden,5,MESA,1,5,,,
2021-05-25,"AC, SA, DC",Minden,6,GRASS2,1,1,field margin,,
2021-05-25,"AC, SA, DC",Minden,6,COAR4,10,5,field margin,,
2021-05-25,"AC, SA, DC",Minden,6,Atriplex M1,6,5,field margin,,
2021-05-25,"AC, SA, DC",Minden,7,MESA,,100,,,
2021-05-25,"AC, SA, DC",Minden,8,,,,Empty – bare,,
2021-05-25,"AC, SA, DC",Minden,9,,,,bare,,
2021-05-25,"AC, SA, DC",Minden,10,UNK5,2,1,field margin,,
2021-05-25,"AC, SA, DC",Minden,10,MAPA5,1,1,field margin,,
2021-05-25,"AC, SA, DC",Minden,10,UNKM2,2,5,field margin,,
2021-05-25,"AC, SA, DC",Minden,11,,,,bare soil,,
2021-05-25,"AC, SA, DC",Minden,12,,,,building,,
2021-05-25,"AC, SA, DC",Minden,13,,,,bare soil,,
2021-05-25,"AC, SA, DC",Minden,14,,,,bare soil,,
2021-05-25,"AC, SA, DC",Minden,15,GRASSM2,,85,Grass-dominant forage field,,
2021-05-25,"AC, SA, DC",Minden,15,GRASSM3,1,5,Grass-dominant forage field,,
2021-05-25,"AC, SA, DC",Minden,16,,,,blocked gate,,
2021-05-25,"AC, SA, DC",Minden,17,DEPI,1,1,field margin,,
2021-05-25,"AC, SA, DC",Minden,18,BRTE,,60,,,
2021-05-25,"AC, SA, DC",Minden,18,ARDO3,1,5,,,
2021-05-25,"AC, SA, DC",Minden,18,EQAR4,1,1,,,
2021-05-25,"AC, SA, DC",Minden,18,Equisetum sp. 1,,20,,,
2021-05-25,"AC, SA, DC",Minden,18,UNKM4,1,1,,,
2021-05-25,"AC, SA, DC",Minden,19,BRTE,15,5,,,
2021-05-25,"AC, SA, DC",Minden,19,UNK5,5,5,,,
2021-05-25,"AC, SA, DC",Minden,20,BRTE,2,1,in alfalfa field,,
2021-05-25,"AC, SA, DC",Minden,20,MESA,,100,,,
2021-05-25,"AC, SA, DC",Minden,21,,,,bare soil,,
2021-05-25,"AC, SA, DC",Minden,22,MESA,,100,field,,
2021-05-25,"AC, SA, DC",Minden,22,BRTE,1,1,,,
2021-05-25,"AC, SA, DC",Minden,23,MESA,,100,,,
2021-05-25,"AC, SA, DC",Minden,24,SIAL2,2,5,,,
2021-05-25,"AC, SA, DC",Minden,24,ATCA2,1,50,,,
2021-05-25,"AC, SA, DC",Minden,24,BRTE,10,5,field margin,,
2021-05-25,"AC, SA, DC",Minden,24,UNK5,1,1,,,
2021-05-25,"AC, SA, DC",Minden,25,ERCE6,1,1,,,
2021-05-25,"AC, SA, DC",Minden,25,ACHY,1,5,,,
2021-05-25,"AC, SA, DC",Minden,25,BRTE,24,5,by harvester ant mount,,
2021-05-25,"AC, SA, DC",Minden,26,MESA,,100,field,,
2021-05-25,"AC, SA, DC",Minden,27,MESA,,100,field,,
2021-05-25,"AC, SA, DC",Minden,28,ATCA,1,35,,,
2021-05-25,"AC, SA, DC",Minden,28,ARTR2,1,35,,,
2021-05-25,"AC, SA, DC",Minden,29,SATR12,12,5,,,
2021-05-25,"AC, SA, DC",Minden,29,BRTE,45,10,,,
2021-05-25,"AC, SA, DC",Minden,30,Salix M1,1,15,,,
2021-05-25,"AC, SA, DC",Minden,30,ATCA2,1,65,,,
2021-05-25,"AC, SA, DC",Minden,34,GRASSM4,,100,crop grass – rye?,,
2021-05-25,"AC, SA, DC",Minden,35,GRASSM4,,100,crop grass – rye? 30Ft bare road between field and point,,
2021-05-25,"AC, SA, DC",Minden,36,MESA,,100,,,
2021-05-25,"AC, SA, DC",Minden,37,SIAL2,9,10,,,
2021-05-25,"AC, SA, DC",Minden,37,BRTE,15,5,,,
2021-05-25,"AC, SA, DC",Minden,37,AMTE3,1,1,,,
2021-05-25,"AC, SA, DC",Minden,37,ERCI6,2,1,,,
2021-05-25,"AC, SA, DC",Minden,37,SATR12,3,1,,,
2021-05-25,"AC, SA, DC",Minden,38,ATCA2,1,15,,,
2021-05-25,"AC, SA, DC",Minden,38,SIAL2,23,5,,,
2021-05-25,"AC, SA, DC",Minden,38,BRTE,240,1,,,
2021-05-25,"AC, SA, DC",Minden,39,MESA,,100,,,
2021-05-25,"AC, SA, DC",Minden,40,MESA,,100,,,
2021-05-25,"AC, SA, DC",Minden,41,MESA,,100,25ft road in between,,
2021-05-25,"AC, SA, DC",Minden,42,MESA,,100,in field,,
2021-05-25,"AC, SA, DC",Minden,43,,,,bare,,
2021-05-25,"AC, SA, DC",Minden,44,ARTR2,1,10,,,
2021-05-25,"AC, SA, DC",Minden,44,UNK5,23,5,,,
2021-05-25,"AC, SA, DC",Minden,44,UNK8,1,15,,,
2021-05-25,"AC, SA, DC",Minden,44,UNKM5,9,1,,,
2021-05-25,"AC, SA, DC",Minden,44,UNKM2,1,1,,,
2021-05-25,"AC, SA, DC",Minden,45,,,,bare soil (margin),,
2021-05-25,"AC, SA, DC",Minden,46,Crop-unknown grass,,85,,,
2021-05-25,"AC, SA, DC",Minden,46,UNK5,4,1,,,
2021-05-25,"AC, SA, DC",Minden,47,MESA,,100,Field – random,,
2021-05-25,"AC, SA, DC",Minden,48,BRTE,18,5,dead,,
2021-05-25,"AC, SA, DC",Minden,48,DEPI,1,1,,,
2021-05-25,"AC, SA, DC",Minden,48,SIAL2,2,1,,,
2021-05-25,"AC, SA, DC",Minden,49,BRTE,5,1,,,
2021-05-25,"AC, SA, DC",Minden,49,MEAL6,2,1,,,
2021-05-25,"AC, SA, DC",Minden,50,BRTE,31,5,,,
2021-05-25,"AC, SA, DC",Minden,50,DEPI,6,1,,,
2021-05-25,"AC, SA, DC",Minden,50,MEAL6,4,5,,,
2021-05-25,"AC, SA, DC",Minden,51,MESA,,100,,,
2021-05-25,"AC, SA, DC",Minden,52,BRTE,56,1,,,
2021-05-25,"AC, SA, DC",Minden,52,MEAL6,1,1,,,
2021-05-25,"AC, SA, DC",Minden,52,Cryptantha sp.,2,1,,,
2021-05-25,"AC, SA, DC",Minden,52,LL5,1,10,,,
2021-05-25,"AC, SA, DC",Minden,53,MESA,,95,,,
2021-05-25,"AC, SA, DC",Minden,53,GRASSM4,,5,,,
2021-05-25,"AC, SA, DC",Minden,54,GRASSM4,,10,,,
2021-05-25,"AC, SA, DC",Minden,54,MESA,,75,,,
2021-06-12,"AC, SA, BB",Lovelock,1,TRAE,,60,,,
2021-06-12,"AC, SA, BB",Lovelock,2,TRAE,,60,,,
2021-06-12,"AC, SA, BB",Lovelock,3,TRAE,,60,,,
2021-06-12,"AC, SA, BB",Lovelock,4,ACRE3,9,5,,,
2021-06-12,"AC, SA, BB",Lovelock,5,,,,bare soil,,
2021-06-12,"AC, SA, BB",Lovelock,6,,,,bare soil,,
2021-06-12,"AC, SA, BB",Lovelock,7,,,,across river – did not survey,,
2021-06-12,"AC, SA, BB",Lovelock,4ALT,COAR4,1,5,,,
2021-06-12,"AC, SA, BB",Lovelock,4ALT,LFORB2,5,1,,,
2021-06-12,"AC, SA, BB",Lovelock,4ALT,ACRE3,6,5,,,
2021-06-12,"AC, SA, BB",Lovelock,5ALT,ACRE3,15,20,,,
2021-06-12,"AC, SA, BB",Lovelock,5ALT,LFORB2,3,5,,,
2021-06-12,"AC, SA, BB",Lovelock,5ALT,LGRASS1,3,1,,,
2021-06-12,"AC, SA, BB",Lovelock,6ALT,LGRASS1,15,5,,,
2021-06-12,"AC, SA, BB",Lovelock,6ALT,ACRE3,1,1,,,
2021-06-12,"AC, SA, BB",Lovelock,10,LGRASS2,,35,pasture,,
2021-06-12,"AC, SA, BB",Lovelock,8ALT,ALFA,3,10,,,
2021-06-12,"AC, SA, BB",Lovelock,8ALT,ACRE3,8,10,,,
2021-06-12,"AC, SA, BB",Lovelock,8ALT,LFORB2,29,10,,,
2021-06-12,"AC, SA, BB",Lovelock,8ALT,BRTE,4,1,,,
2021-06-12,"AC, SA, BB",Lovelock,9ALT,BRTE,1,1,,,
2021-06-12,"AC, SA, BB",Lovelock,9ALT,COAR4,3,5,,,
2021-06-12,"AC, SA, BB",Lovelock,9ALT,ACRE3,1,1,,,
2021-06-12,"AC, SA, BB",Lovelock,9ALT,LFORB2,2,1,,,
2021-06-12,"AC, SA, BB",Lovelock,9ALT,LGRASS3,296,5,,,
2021-06-12,"AC, SA, BB",Lovelock,9ALT,LFORB3,17,15,,,
2021-06-12,"AC, SA, BB",Lovelock,9ALT,ALFA,2,1,,,
2021-06-12,"AC, SA, BB",Lovelock,11ALT,COAR4,4,10,,,
2021-06-12,"AC, SA, BB",Lovelock,11ALT,LGRASS3,212,5,,,
2021-06-12,"AC, SA, BB",Lovelock,11ALT,ACRE3,2,1,,,
2021-06-12,"AC, SA, BB",Lovelock,11ALT,LFORB2,9,1,,,
2021-06-12,"AC, SA, BB",Lovelock,11ALT,LFORB3,28,10,,,
2021-06-12,"AC, SA, BB",Lovelock,11ALT,ALFA,7,5,,,
2021-06-12,"AC, SA, BB",Lovelock,12,LGRASS2,,40,,,
2021-06-12,"AC, SA, BB",Lovelock,13,ACRE3,10,5,,,
2021-06-12,"AC, SA, BB",Lovelock,13,COAR4,6,1,,,
2021-06-12,"AC, SA, BB",Lovelock,14,ALFA,,100,,,
2021-06-12,"AC, SA, BB",Lovelock,15,ALFA,,95,,,
2021-06-12,"AC, SA, BB",Lovelock,16,LFORB3,7,5,,,
2021-06-12,"AC, SA, BB",Lovelock,16,LFORB2,5,1,,,
2021-06-12,"AC, SA, BB",Lovelock,16,COAR4,4,1,,,
2021-06-12,"AC, SA, BB",Lovelock,16,LGRASS3,24,1,,,
2021-06-12,"AC, SA, BB",Lovelock,17,COAR4,10,1,,,
2021-06-12,"AC, SA, BB",Lovelock,17,LGRASS3,250,5,,,
2021-06-12,"AC, SA, BB",Lovelock,17,ACRE3,2,1,,,
2021-06-12,"AC, SA, BB",Lovelock,17,LFORB3,1,1,,,
2021-06-12,"AC, SA, BB",Lovelock,17,LFORB2,1,1,,,
2021-06-12,"AC, SA, BB",Lovelock,18,COAR4,12,10,,,
2021-06-12,"AC, SA, BB",Lovelock,18,LGRASS3,80,1,,,
2021-06-12,"AC, SA, BB",Lovelock,18,LFORB3,1,1,,,
2021-06-12,"AC, SA, BB",Lovelock,18,ACRE3,2,1,,,
2021-06-12,"AC, SA, BB",Lovelock,19,ALFA,,75,,,
2021-06-12,"AC, SA, BB",Lovelock,20,ACRE3,36,20,,,
2021-06-12,"AC, SA, BB",Lovelock,20,LGRASS1,268,20,,,
2021-06-12,"AC, SA, BB",Lovelock,20,LFORB2,11,1,,,
2021-06-12,"AC, SA, BB",Lovelock,21,SUMO,11,10,,,
2021-06-12,"AC, SA, BB",Lovelock,21,ACRE3,1,1,,,
2021-06-12,"AC, SA, BB",Lovelock,21,BRTE,100,1,,,
2021-06-12,"AC, SA, BB",Lovelock,21,SATR12,1,1,,,
2021-06-12,"AC, SA, BB",Lovelock,21,ATTR,2,,"did not record cover, apparently",,
2021-06-12,"AC, SA, BB",Lovelock,22,,,,across river – did not survey,,
2021-06-12,"AC, SA, BB",Lovelock,23,,,,across river – did not survey,,
2021-06-12,"AC, SA, BB",Lovelock,24,,,,across river – did not survey,,
2021-06-12,"AC, SA, BB",Lovelock,25,LGRASS3,4,1,,,
2021-06-12,"AC, SA, BB",Lovelock,25,LFORB2,2,1,,,
2021-06-12,"AC, SA, BB",Lovelock,25,ACRE3,6,1,,,
2021-06-12,"AC, SA, BB",Lovelock,26,LFORB3,8,5,,,
2021-06-12,"AC, SA, BB",Lovelock,26,LGRASS3,73,5,,,
2021-06-12,"AC, SA, BB",Lovelock,26,COAR4,15,1,,,
2021-06-12,"AC, SA, BB",Lovelock,26,LFORB2,4,1,,,
2021-06-12,"AC, SA, BB",Lovelock,26,ACRE3,1,1,,,
2021-06-12,"AC, SA, BB",Lovelock,26,LFORB2,3,1,,,
2021-06-12,"AC, SA, BB",Lovelock,27,ACRE3,,95,,,
2021-06-12,"AC, SA, BB",Lovelock,28,ACRE3,30,25,,,
2021-06-12,"AC, SA, BB",Lovelock,28,LFORB3,1,1,,,
2021-06-12,"AC, SA, BB",Lovelock,28,COAR4,1,1,,,
2021-06-12,"AC, SA, BB",Lovelock,28,LFORB2,12,1,,,
2021-06-12,"AC, SA, BB",Lovelock,28,LGRASS3,7,1,,,
2021-06-12,"AC, SA, BB",Lovelock,28,LFORB5,84,1,,,
2021-06-12,"AC, SA, BB",Lovelock,29,LFORB2,4,5,,,
2021-06-12,"AC, SA, BB",Lovelock,29,SUMO,1,1,,,
2021-06-12,"AC, SA, BB",Lovelock,30,LFORB3,2,1,,,
2021-06-12,"AC, SA, BB",Lovelock,30,LGRASS3,108,1,,,
2021-06-12,"AC, SA, BB",Lovelock,30,ATTR,2,1,,,
2021-06-12,"AC, SA, BB",Lovelock,31,ALFA,,85,,,
2021-06-12,"AC, SA, BB",Lovelock,32,ALFA,,75,,,
2021-06-12,"AC, SA, BB",Lovelock,33,ALFA,,25,"Alfalfa-grass mix, ask what was planted",,
2021-06-12,"AC, SA, BB",Lovelock,33,BRTE,,5,"Alfalfa-grass mix, ask what was planted",,
2021-06-12,"AC, SA, BB",Lovelock,33,DEPI,3,1,"Alfalfa-grass mix, ask what was planted",,
2021-06-12,"AC, SA, BB",Lovelock,33,LFORB2,45,1,"Alfalfa-grass mix, ask what was planted",,
2021-06-12,"AC, SA, BB",Lovelock,33,LGRASS4,,25,"Alfalfa-grass mix, ask what was planted",,
2021-06-12,"AC, SA, BB",Lovelock,33,ACRE3,1,1,"Alfalfa-grass mix, ask what was planted",,
2021-06-12,"AC, SA, BB",Lovelock,34,LFORB2,2,1,,,
2021-06-12,"AC, SA, BB",Lovelock,35,SUMO,,75,,,
2021-06-12,"AC, SA, BB",Lovelock,36,SUMO,,75,,,
2021-06-12,"AC, SA, BB",Lovelock,36,DEPI,12,1,,,
2021-06-12,"AC, SA, BB",Lovelock,36,LFORB2,1,1,,,
2021-06-12,"AC, SA, BB",Lovelock,37,ERNA10,2,20,,,
2021-06-12,"AC, SA, BB",Lovelock,37,SAVE4,3,5,,,
2021-06-12,"AC, SA, BB",Lovelock,37,LELA2,6,5,,,
2021-06-12,"AC, SA, BB",Lovelock,38,LGRASS4,,50,,,
2021-06-12,"AC, SA, BB",Lovelock,38,COAR4,30,10,,,
2021-06-12,"AC, SA, BB",Lovelock,38,ALFA,,5,,,
2021-06-12,"AC, SA, BB",Lovelock,38,ACRE3,1,1,,,
2021-06-12,"AC, SA, BB",Lovelock,39,ALFA,,100,,,
2021-06-12,"AC, SA, BB",Lovelock,39,DEPI,6,1,,,
2021-06-12,"AC, SA, BB",Lovelock,40,ALFA,,65,,,
2021-06-12,"AC, SA, BB",Lovelock,41,ALFA,9,10,,,
2021-06-12,"AC, SA, BB",Lovelock,41,ACRE3,13,5,,,
2021-06-12,"AC, SA, BB",Lovelock,41,LFORB2,13,10,,,
2021-06-12,"AC, SA, BB",Lovelock,41,MAPA5,3,1,,,
2021-06-12,"AC, SA, BB",Lovelock,42,COAR4,5,5,,,
2021-06-12,"AC, SA, BB",Lovelock,42,ALFA,,20,,,
2021-06-12,"AC, SA, BB",Lovelock,42,LFORB2,2,1,,,
2021-06-12,"AC, SA, BB",Lovelock,42,LGRASS3,5,1,,,
2021-06-12,"AC, SA, BB",Lovelock,43,ALFA,,60,,,
2021-06-12,"AC, SA, BB",Lovelock,43,ACRE3,2,1,,,
2021-06-12,"AC, SA, BB",Lovelock,44,ALFA,,100,,,
2021-06-12,"AC, SA, BB",Lovelock,45,ALFA,,25,,,
2021-06-12,"AC, SA, BB",Lovelock,45,LFORB2,9,25,,,
2021-06-12,"AC, SA, BB",Lovelock,45,ACRE3,2,1,,,
2021-06-12,"AC, SA, BB",Lovelock,46,ALFA,,15,,,
2021-06-12,"AC, SA, BB",Lovelock,46,LFORB6,5,1,,,
2021-06-12,"AC, SA, BB",Lovelock,46,COAR4,25,10,,,
2021-06-12,"AC, SA, BB",Lovelock,46,LFORB2,14,1,,,
2021-06-12,"AC, SA, BB",Lovelock,46,ACRE3,3,1,,,
2021-06-12,"AC, SA, BB",Lovelock,47,ALFA,,100,,,
2021-06-12,"AC, SA, BB",Lovelock,48,ACRE3,5,5,,,
2021-06-12,"AC, SA, BB",Lovelock,48,ALFA,,5,,,
2021-06-12,"AC, SA, BB",Lovelock,48,LFORB2,8,1,,,
2021-06-12,"AC, SA, BB",Lovelock,49,ALFA,4,1,,,
2021-06-12,"AC, SA, BB",Lovelock,49,ACRE3,3,1,,,
2021-06-12,"AC, SA, BB",Lovelock,49,LFORB2,18,1,,,
2021-06-12,"AC, SA, BB",Lovelock,50,DEPI,4,1,,,
2021-06-12,"AC, SA, BB",Lovelock,50,LFORB7,1,1,,,
2021-06-12,"AC, SA, BB",Lovelock,51,,,,bare soil,,
2021-06-12,"AC, SA, BB",Lovelock,52,ALFA,,80,,,
2021-06-12,"AC, SA, BB",Lovelock,53,ALFA,,80,,,
2021-06-12,"AC, SA, BB",Lovelock,54,ALFA,,90,,,
2021-09-09,"SA, AC",Lovelock,1,TRAE,84,50,Harvested wheat/hay,,
2021-09-09,"SA, AC",Lovelock,2,TRAE,84,50,Harvested wheat/hay,,
2021-09-09,"SA, AC",Lovelock,3,TRAE,84,50,Harvested wheat/hay,,
2021-09-09,"SA, AC",Lovelock,4ALT,MESA,4,5,,,
2021-09-09,"SA, AC",Lovelock,4ALT,COAR4,7,60,,,
2021-09-09,"SA, AC",Lovelock,5ALT,COAR4,1,1,,,
2021-09-09,"SA, AC",Lovelock,6ALT,FLFORB1,1,40,,,
2021-09-09,"SA, AC",Lovelock,8ALT,DAST,2,5,,,
2021-09-09,"SA, AC",Lovelock,8ALT,MESA,4,15,,,
2021-09-09,"SA, AC",Lovelock,8ALT,AMRE,4,3,,,
2021-09-09,"SA, AC",Lovelock,8ALT,HEAN3,1,30,,,
2021-09-09,"SA, AC",Lovelock,8ALT,FLGRASS1,8,5,,,
2021-09-09,"SA, AC",Lovelock,8ALT,CHAT,1,3,,,
2021-09-09,"SA, AC",Lovelock,9ALT,COAR4,3,3,,,
2021-09-09,"SA, AC",Lovelock,9ALT,DAST,2,15,,,
2021-09-09,"SA, AC",Lovelock,9ALT,AMRE,50,5,,,
2021-09-09,"SA, AC",Lovelock,9ALT,FLGRASS1,65,25,,,
2021-09-09,"SA, AC",Lovelock,9ALT,POOL,15,5,,,
2021-09-09,"SA, AC",Lovelock,9ALT,TEOF,1,1,,,
2021-09-09,"SA, AC",Lovelock,10,LGRASS2,45,25,See spring survey for grass species. This is likely the same LGRASS2 observed in the spring survey,,
2021-09-09,"SA, AC",Lovelock,11ALT,MAPA5,1,15,,,
2021-09-09,"SA, AC",Lovelock,11ALT,FLFORB1,7,20,,,
2021-09-09,"SA, AC",Lovelock,11ALT,COAR4,4,5,,,
2021-09-09,"SA, AC",Lovelock,11ALT,MESA,3,15,,,
2021-09-09,"SA, AC",Lovelock,11ALT,LASE,1,5,,,
2021-09-09,"SA, AC",Lovelock,12,LGRASS2,37,30,,,
2021-09-09,"SA, AC",Lovelock,13,COAR4,15,5,,,
2021-09-09,"SA, AC",Lovelock,13,ACRE3,21,5,,,
2021-09-09,"SA, AC",Lovelock,14,MESA,60,95,,,
2021-09-09,"SA, AC",Lovelock,15,MESA,25,15,,,
2021-09-09,"SA, AC",Lovelock,16,DAST,7,15,,,
2021-09-09,"SA, AC",Lovelock,16,FLGRASS1,4,5,,,
2021-09-09,"SA, AC",Lovelock,16,COAR4,4,3,,,
2021-09-09,"SA, AC",Lovelock,17,FLGRASS2,6,25,,,
2021-09-09,"SA, AC",Lovelock,17,FLFORB1,2,25,,,
2021-09-09,"SA, AC",Lovelock,17,FLGRASS1,6,5,,,
2021-09-09,"SA, AC",Lovelock,17,COAR4,6,5,,,
2021-09-09,"SA, AC",Lovelock,18,DAST,1,25,,,
2021-09-09,"SA, AC",Lovelock,18,COAR4,4,5,,,
2021-09-09,"SA, AC",Lovelock,18,ACRE3,8,25,,,
2021-09-09,"SA, AC",Lovelock,18,POOL,2,1,,,
2021-09-09,"SA, AC",Lovelock,19,MESA,60,95,,,
2021-09-09,"SA, AC",Lovelock,20,FLGRASS3,75,75,,,
2021-09-09,"SA, AC",Lovelock,20,FLFORB3,30,5,,,
2021-09-09,"SA, AC",Lovelock,20,DEPI,1,1,,,
2021-09-09,"SA, AC",Lovelock,25,DAST,1,5,,,
2021-09-09,"SA, AC",Lovelock,25,HEAN3,1,5,,,
2021-09-09,"SA, AC",Lovelock,25,FLGRASS2,2,2,,,
2021-09-09,"SA, AC",Lovelock,25,POOL,19,1,,,
2021-09-09,"SA, AC",Lovelock,25,MAPA5,1,1,,,
2021-09-09,"SA, AC",Lovelock,25,ACRE3,1,1,,,
2021-09-09,"SA, AC",Lovelock,26,DAST,1,5,,,
2021-09-09,"SA, AC",Lovelock,26,HEAN3,1,5,,,
2021-09-09,"SA, AC",Lovelock,26,MEOF,2,60,,,
2021-09-09,"SA, AC",Lovelock,26,CHAL7,3,5,,,
2021-09-09,"SA, AC",Lovelock,26,ECCR,2,5,,,
2021-09-09,"SA, AC",Lovelock,27,DAST,,,bare soil,,
2021-09-09,"SA, AC",Lovelock,21,,,,Inaccessible – did not survey,,
2021-09-09,"SA, AC",Lovelock,22,,,,Inaccessible – did not survey,,
2021-09-09,"SA, AC",Lovelock,23,,,,Inaccessible – did not survey,,
2021-09-09,"SA, AC",Lovelock,24,,,,Inaccessible – did not survey,,
2021-09-09,"SA, AC",Lovelock,28,DAST,3,60,,,
2021-09-09,"SA, AC",Lovelock,28,POOL,13,5,,,
2021-09-09,"SA, AC",Lovelock,28,HEAN3,1,1,,,
2021-09-09,"SA, AC",Lovelock,28,FLFORB1,5,5,,,
2021-09-09,"SA, AC",Lovelock,28,TACA8,2,1,,,
2021-09-09,"SA, AC",Lovelock,29,FLFORB1,1,10,,,
2021-09-09,"SA, AC",Lovelock,29,SAVE4,1,65,,,
2021-09-09,"SA, AC",Lovelock,30,ECCR,8,5,,,
2021-09-09,"SA, AC",Lovelock,30,CHAL7,1,2,,,
2021-09-09,"SA, AC",Lovelock,30,FLGRASS2,2,5,,,
2021-09-09,"SA, AC",Lovelock,30,COAR4,3,5,,,
2021-09-09,"SA, AC",Lovelock,31,MESA,55,45,,,
2021-09-09,"SA, AC",Lovelock,32,MESA,45,80,,,
2021-09-09,"SA, AC",Lovelock,33,MESA,22,50,,,
2021-09-09,"SA, AC",Lovelock,33,COAR4,2,5,,,
2021-09-09,"SA, AC",Lovelock,33,FLFORB3,35,10,,,
2021-09-09,"SA, AC",Lovelock,33,ACRE3,8,10,,,
2021-09-09,"SA, AC",Lovelock,34,HAGL,1,2,,,
2021-09-09,"SA, AC",Lovelock,35,SUMO,3,80,,,
2021-09-09,"SA, AC",Lovelock,36,SUMO,4,40,,,
2021-09-09,"SA, AC",Lovelock,37,ERNA10,1,75,,,
2021-09-09,"SA, AC",Lovelock,37,SAVE4,1,15,,,
2021-09-09,"SA, AC",Lovelock,37,CAPU6,3,2,,,
2021-09-09,"SA, AC",Lovelock,38,COAR4,7,2,,,
2021-09-09,"SA, AC",Lovelock,38,ACRE3,2,2,,,
2021-09-09,"SA, AC",Lovelock,38,MESA,16,15,,,
2021-09-09,"SA, AC",Lovelock,39,MESA,60,100,,,
2021-09-09,"SA, AC",Lovelock,40,MESA,40,50,,,
2021-09-09,"SA, AC",Lovelock,41,FLFORB1,2,10,,,
2021-09-09,"SA, AC",Lovelock,41,FLGRASS2,2,5,,,
2021-09-09,"SA, AC",Lovelock,42,ACRE3,31,20,,,
2021-09-09,"SA, AC",Lovelock,42,FLFORB1,6,5,,,
2021-09-09,"SA, AC",Lovelock,42,COAR4,2,2,,,
2021-09-09,"SA, AC",Lovelock,42,MESA,2,5,,,
2021-09-09,"SA, AC",Lovelock,43,MESA,15,35,,,
2021-09-09,"SA, AC",Lovelock,43,COAR4,7,10,,,
2021-09-09,"SA, AC",Lovelock,43,FLGRASS2,35,25,,,
2021-09-09,"SA, AC",Lovelock,43,ACRE3,2,5,,,
2021-09-09,"SA, AC",Lovelock,43,CUAP2,2,1,best guess on species,,
2021-09-09,"SA, AC",Lovelock,44,MESA,60,100,,,
2021-09-09,"SA, AC",Lovelock,45,FLFORB1,2,80,,,
2021-09-09,"SA, AC",Lovelock,46,FLFORB1,8,60,,,
2021-09-09,"SA, AC",Lovelock,46,COAR4,5,5,,,
2021-09-09,"SA, AC",Lovelock,47,MESA,40,100,,,
2021-09-09,"SA, AC",Lovelock,48,FLFORB1,4,75,,,
2021-09-09,"SA, AC",Lovelock,48,ACRE3,3,5,,,
2021-09-09,"SA, AC",Lovelock,49,FLFORB1,5,75,,,
2021-09-09,"SA, AC",Lovelock,50,ACRE3,60,90,,,
2021-09-09,"SA, AC",Lovelock,51,,,,bare soil,,
2021-09-09,"SA, AC",Lovelock,52,MESA,40,95,,,
2021-09-09,"SA, AC",Lovelock,53,MESA,30,65,,,
2021-09-09,"SA, AC",Lovelock,54,MESA,40,60,,,
2021-09-10,"SA, AC, SC",Fallon,1,TRAE,105,15,wheat field,,
2021-09-10,"SA, AC, SC",Fallon,1,FFFORB1,1,15,,,
2021-09-10,"SA, AC, SC",Fallon,1,FFFORB2,1,5,,,
2021-09-10,"SA, AC, SC",Fallon,2,MESA,33,30,alfalfa field,,
2021-09-10,"SA, AC, SC",Fallon,2,BASC5,6,5,,,
2021-09-10,"SA, AC, SC",Fallon,2,ASSP,3,5,margin,,
2021-09-10,"SA, AC, SC",Fallon,3,ASFA,1,3,,,
2021-09-10,"SA, AC, SC",Fallon,3,BASC5,3,3,,,
2021-09-10,"SA, AC, SC",Fallon,3,FFGRASS1,5,10,,,
2021-09-10,"SA, AC, SC",Fallon,3,FFGRASS2,9,5,,,
2021-09-10,"SA, AC, SC",Fallon,3,FFFORB2,1,3,,,
2021-09-10,"SA, AC, SC",Fallon,4,MESA,28,30,alfalfa field,,
2021-09-10,"SA, AC, SC",Fallon,4,CHVI4,24,5,,,
2021-09-10,"SA, AC, SC",Fallon,4,FFGRASS4,6,2,,,
2021-09-10,"SA, AC, SC",Fallon,4,FLGRASS2,7,2,,,
2021-09-10,"SA, AC, SC",Fallon,5,MAPA5,2,5,margin,,
2021-09-10,"SA, AC, SC",Fallon,5,CHVI4,7,3,,,
2021-09-10,"SA, AC, SC",Fallon,5,FFFORB2,11,15,,,
2021-09-10,"SA, AC, SC",Fallon,5,FLGRASS2,60,20,,,
2021-09-10,"SA, AC, SC",Fallon,5,COAR4,4,10,,,
2021-09-10,"SA, AC, SC",Fallon,5,FFGRASS4,25,25,,,
2021-09-10,"SA, AC, SC",Fallon,5,RUST4,1,3,,,
2021-09-10,"SA, AC, SC",Fallon,6,MESA,7,10,margin,,
2021-09-10,"SA, AC, SC",Fallon,6,CHVI4,56,40,,,
2021-09-10,"SA, AC, SC",Fallon,6,FFFORB2,40,15,,,
2021-09-10,"SA, AC, SC",Fallon,7,MESA,10,25,,,
2021-09-10,"SA, AC, SC",Fallon,7,FFGRASS5,8,10,,,
2021-09-10,"SA, AC, SC",Fallon,7,COAR4,2,2,,,
2021-09-10,"SA, AC, SC",Fallon,7,FFFORB2,11,15,,,
2021-09-10,"SA, AC, SC",Fallon,7,AMRE,3,2,,,
2021-09-10,"SA, AC, SC",Fallon,7,CHVI4,1,2,,,
2021-09-10,"SA, AC, SC",Fallon,8,HEAN3,1,10,margin,,
2021-09-10,"SA, AC, SC",Fallon,8,AMRE,1,1,,,
2021-09-10,"SA, AC, SC",Fallon,8,COAR4,5,5,,,
2021-09-10,"SA, AC, SC",Fallon,8,BASC5,1,10,,,
2021-09-10,"SA, AC, SC",Fallon,8,FFFORB2,1,1,,,
2021-09-10,"SA, AC, SC",Fallon,8,BRTE,15,5,,,
2021-09-10,"SA, AC, SC",Fallon,8,FFGRASS4,12,10,,,
2021-09-10,"SA, AC, SC",Fallon,9,MEOF,7,15,margin,,
2021-09-10,"SA, AC, SC",Fallon,9,PLLA,20,20,,,
2021-09-10,"SA, AC, SC",Fallon,9,MESA,5,25,,,
2021-09-10,"SA, AC, SC",Fallon,9,PACA6,1,2,,,
2021-09-10,"SA, AC, SC",Fallon,9,ASSP,3,5,,,
2021-09-10,"SA, AC, SC",Fallon,9,COAR4,4,5,,,
2021-09-10,"SA, AC, SC",Fallon,9,IVAX,10,20,aster,,
2021-09-10,"SA, AC, SC",Fallon,12,SAVE4,1,95,sagebrush area,,
2021-09-10,"SA, AC, SC",Fallon,12,SUMO,2,2,,,
2021-09-10,"SA, AC, SC",Fallon,13,,,,bare soil,,
2021-09-10,"SA, AC, SC",Fallon,14,,,,bare dirt road,,
2021-09-10,"SA, AC, SC",Fallon,15,SATR12,2,1,sagebrush area,,
2021-09-10,"SA, AC, SC",Fallon,16,,,,bare soil,,
2021-09-10,"SA, AC, SC",Fallon,17,SAVE4,2,85,sagebrush area,,
2021-09-10,"SA, AC, SC",Fallon,18,SAVE4,1,3,sagebrush area,,
2021-09-10,"SA, AC, SC",Fallon,20,FLFORB2,1,1,mowed field,,
2021-09-10,"SA, AC, SC",Fallon,20,UNKGRASS,32,30,"trimmed grass, unidentifiable",,
2021-09-10,"SA, AC, SC",Fallon,23,MESA,4,20,margin,,
2021-09-10,"SA, AC, SC",Fallon,23,PLLA,6,30,,,
2021-09-10,"SA, AC, SC",Fallon,23,COAR4,5,10,,,
2021-09-10,"SA, AC, SC",Fallon,23,CIIN,1,2,,,
2021-09-10,"SA, AC, SC",Fallon,23,ACRE3,10,20,,,
2021-09-10,"SA, AC, SC",Fallon,24,MESA,90,80,alfalfa field,,
2021-09-10,"SA, AC, SC",Fallon,25,MESA,5,20,margin,,
2021-09-10,"SA, AC, SC",Fallon,25,BASC5,13,20,,,
2021-09-10,"SA, AC, SC",Fallon,25,ACRE3,20,30,,,
2021-09-10,"SA, AC, SC",Fallon,25,FLGRASS2,4,2,,,
2021-09-10,"SA, AC, SC",Fallon,25,FFGRASS6,52,10,,,
2021-09-10,"SA, AC, SC",Fallon,26,PLLA,1,10,margin,,
2021-09-10,"SA, AC, SC",Fallon,26,CHVI4,25,45,,,
2021-09-10,"SA, AC, SC",Fallon,26,DAST,1,15,,,
2021-09-10,"SA, AC, SC",Fallon,26,BASC5,2,5,,,
2021-09-10,"SA, AC, SC",Fallon,26,COAR4,8,10,,,
2021-09-10,"SA, AC, SC",Fallon,26,FLGRASS2,2,2,,,
2021-09-10,"SA, AC, SC",Fallon,26,ELEL5,2,5,,,
2021-09-10,"SA, AC, SC",Fallon,26,CUPE3,1,5,,,
2021-09-10,"SA, AC, SC",Fallon,27,MESA,30,15,alfalfa field,,
2021-09-10,"SA, AC, SC",Fallon,28,CATTAILS,3,5,,,
2021-09-10,"SA, AC, SC",Fallon,28,BASC5,1,15,,,
2021-09-10,"SA, AC, SC",Fallon,28,FLGRASS2,3,15,,,
2021-09-10,"SA, AC, SC",Fallon,28,FFGRASS7,3,35,,,
2021-09-10,"SA, AC, SC",Fallon,28,SACU,1,5,,,
2021-09-10,"SA, AC, SC",Fallon,30,PLLA,12,20,,,
2021-09-10,"SA, AC, SC",Fallon,30,DAST,5,10,,,
2021-09-10,"SA, AC, SC",Fallon,30,COAR4,5,2,,,
2021-09-10,"SA, AC, SC",Fallon,30,MESA,2,5,,,
2021-09-10,"SA, AC, SC",Fallon,30,PACA6,1,2,,,
2021-09-10,"SA, AC, SC",Fallon,30,FLGRASS2,9,2,margin,,
2021-09-10,"SA, AC, SC",Fallon,30,CHVI4,3,5,,,
2021-09-10,"SA, AC, SC",Fallon,30,ELEL5,15,40,,,
2021-09-10,"SA, AC, SC",Fallon,30,FLGRASS4,1,1,,,
2021-09-10,"SA, AC, SC",Fallon,31,PLLA,12,60,margin,,
2021-09-10,"SA, AC, SC",Fallon,31,ELEL5,1,5,,,
2021-09-10,"SA, AC, SC",Fallon,31,CHVI4,1,1,,,
2021-09-10,"SA, AC, SC",Fallon,31,FFGRASS7,5,10,,,
2021-09-10,"SA, AC, SC",Fallon,32,MESA,45,50,,,
2021-09-10,"SA, AC, SC",Fallon,37,MESA,12,10,alfalfa field,,
2021-09-10,"SA, AC, SC",Fallon,37,FFFORB1,1,1,,,
2021-09-10,"SA, AC, SC",Fallon,37,PLLA,1,2,,,
2021-09-10,"SA, AC, SC",Fallon,38,POOL,22,5,hay field,,
2021-09-10,"SA, AC, SC",Fallon,38,CHVI4,64,5,,,
2021-09-10,"SA, AC, SC",Fallon,38,MESA,10,5,,,
2021-09-10,"SA, AC, SC",Fallon,39,MESA,45,10,hay field,,
2021-09-10,"SA, AC, SC",Fallon,39,CHVI4,7,2,,,
2021-09-10,"SA, AC, SC",Fallon,40,MESA,10,5,alfalfa field,,
2021-09-10,"SA, AC, SC",Fallon,40,CHVI4,100,60,,,
2021-09-10,"SA, AC, SC",Fallon,40,POOL,1,1,,,
2021-09-10,"SA, AC, SC",Fallon,41,,,,junkyard,,
2021-09-10,"SA, AC, SC",Fallon,42,GRS7,200,100,riverbank,,
2021-09-10,"SA, AC, SC",Fallon,43,ZEMA,14,75,cornfield,,
2021-09-10,"SA, AC, SC",Fallon,47,CHVI4,8,5,margin,,
2021-09-10,"SA, AC, SC",Fallon,47,AMRE,13,10,,,
2021-09-10,"SA, AC, SC",Fallon,47,FLGRASS2,1,2,,,
2021-09-10,"SA, AC, SC",Fallon,47,FFGRASS6,4,2,,,
2021-09-10,"SA, AC, SC",Fallon,47,POOL,5,2,,,
2021-09-10,"SA, AC, SC",Fallon,47,COAR4,1,2,,,
2021-09-10,"SA, AC, SC",Fallon,47,FFGRASS4,4,2,,,
2021-09-10,"SA, AC, SC",Fallon,48,AMRE,4,5,margin,,
2021-09-10,"SA, AC, SC",Fallon,48,FFGRASS4,10,10,,,
2021-09-10,"SA, AC, SC",Fallon,48,FFGRASS6,1,5,,,
2021-09-10,"SA, AC, SC",Fallon,48,POOL,2,5,,,
2021-09-10,"SA, AC, SC",Fallon,49,MESA,25,30,alfalfa field,,
2021-09-10,"SA, AC, SC",Fallon,49,FFGRASS4,1,3,,,
2021-09-10,"SA, AC, SC",Fallon,49,CHVI4,1,3,,,
2021-09-10,"SA, AC, SC",Fallon,50,POOL,4,20,margin,,
2021-09-10,"SA, AC, SC",Fallon,50,FFGRASS4,3,20,,,
2021-09-10,"SA, AC, SC",Fallon,50,CHVI4,1,15,,,
2021-09-10,"SA, AC, SC",Fallon,50,ERCE6,8,1,,,
2021-09-10,"SA, AC, SC",Fallon,50,FFGRASS6,1,15,,,
2021-09-10,"SA, AC, SC",Fallon,50,AMRE,1,1,,,
2021-09-10,"SA, AC, SC",Fallon,51,MESA,50,75,alfalfa field,,
2021-09-10,"SA, AC, SC",Fallon,52,CHVI4,4,10,,,
2021-09-10,"SA, AC, SC",Fallon,52,FLGRASS2,6,75,,,
2021-09-10,"SA, AC, SC",Fallon,52,AMRE,4,3,,,
2021-09-10,"SA, AC, SC",Fallon,52,FFGRASS4,3,3,,,
2021-09-10,"SA, AC, SC",Fallon,53,CHVI4,2,5,margin,,
2021-09-10,"SA, AC, SC",Fallon,53,FFGRASS4,7,10,,,
2021-09-10,"SA, AC, SC",Fallon,53,AMRE,12,15,,,
2021-09-10,"SA, AC, SC",Fallon,54,AMRE,9,20,margin,,
2021-09-10,"SA, AC, SC",Fallon,54,FFGRASS4,13,15,,,
2021-09-10,"SA, AC, SC",Fallon,54,COAR4,1,1,,,
2021-09-10,"SA, AC, SC",Fallon,55,MESA,35,40,alfalfa field,,
2021-09-10,"SA, AC, SC",Fallon,55,FFGRASS4,7,5,,,
2021-09-10,"SA, AC, SC",Fallon,55,FLGRASS2,1,1,,,
2021-09-10,"SA, AC, SC",Fallon,56,POOL,2,5,,,
2021-09-10,"SA, AC, SC",Fallon,56,AMRE,3,3,,,
2021-09-10,"SA, AC, SC",Fallon,56,FLGRASS2,2,5,,,
2021-09-10,"SA, AC, SC",Fallon,56,FFGRASS4,3,10,,,
2021-09-10,"SA, AC, SC",Fallon,57,ATCA2,1,85,sagebrush area,,
2021-09-10,"SA, AC, SC",Fallon,45,MESA,40,50,alfalfa field,,
2021-09-11,"SA, AC, SC",Yerington,1,,,,bare soil,,
2021-09-11,"SA, AC, SC",Yerington,5,TECA2,1,60,brush,,
2021-09-11,"SA, AC, SC",Yerington,5,ALDE,1,1,,,
2021-09-11,"SA, AC, SC",Yerington,8,SAVE4,1,20,,,
2021-09-11,"SA, AC, SC",Yerington,8,ALDE,1,1,,,
2021-09-11,"SA, AC, SC",Yerington,7,,,,brush/bare soil,,
2021-09-11,"SA, AC, SC",Yerington,9,SAVE4,3,10,brush,,
2021-09-11,"SA, AC, SC",Yerington,14,HAGL,8,1,,,
2021-09-11,"SA, AC, SC",Yerington,14,ALDE,5,1,,,
2021-09-11,"SA, AC, SC",Yerington,28,BRTE,16,5,brush,,
2021-09-11,"SA, AC, SC",Yerington,28,HAGL,1,1,,,
2021-09-11,"SA, AC, SC",Yerington,28,SATR12,3,1,,,
2021-09-11,"SA, AC, SC",Yerington,28,SAVE4,1,5,,,
2021-09-11,"SA, AC, SC",Yerington,27,,,,bare soil,,
2021-09-11,"SA, AC, SC",Yerington,30,BRTE,23,5,brush,,
2021-09-11,"SA, AC, SC",Yerington,30,SATR12,1,1,,,
2021-09-11,"SA, AC, SC",Yerington,30,ERBR7,2,1,,,
2021-09-11,"SA, AC, SC",Yerington,32,SAVE4,3,35,brush,,
2021-09-11,"SA, AC, SC",Yerington,33,,,,bare soil/plowed field,,
2021-09-11,"SA, AC, SC",Yerington,35,,,,bare soil/plowed field,,
2021-09-11,"SA, AC, SC",Yerington,36,,,,bare soil/plowed field,,
2021-09-11,"SA, AC, SC",Yerington,34,ZEMA,4,10,cornfield,,
2021-09-11,"SA, AC, SC",Yerington,34,FLFORB2,24,80,,,
2021-09-11,"SA, AC, SC",Yerington,34,BASC5,6,10,,,
2021-09-11,"SA, AC, SC",Yerington,31,,,,bare dirt road,,
2021-09-11,"SA, AC, SC",Yerington,29,MESA,60,95,alfalfa field,,
2021-09-11,"SA, AC, SC",Yerington,26,ZEMA,3,10,,,
2021-09-11,"SA, AC, SC",Yerington,26,FFGRASS4,30,80,,,
2021-09-11,"SA, AC, SC",Yerington,25,ATTO,2,30,brush,,
2021-09-11,"SA, AC, SC",Yerington,23,ZEMA,4,40,mature corn/inaccessible,,
2021-09-11,"SA, AC, SC",Yerington,18,BASC5,1,35,cornfield,,
2021-09-11,"SA, AC, SC",Yerington,18,ZEMA,7,3,cornfield,,
2021-09-11,"SA, AC, SC",Yerington,18,POOL,3,2,,,
2021-09-11,"SA, AC, SC",Yerington,18,FLFORB2,1,1,,,
2021-09-11,"SA, AC, SC",Yerington,21,FYGRASS1,45,40,straw field,,
2021-09-11,"SA, AC, SC",Yerington,21,FYGRASS2,10,5,,,
2021-09-11,"SA, AC, SC",Yerington,21,FYGRASS3,5,5,,,
2021-09-11,"SA, AC, SC",Yerington,19,BASC5,1,3,straw field,,
2021-09-11,"SA, AC, SC",Yerington,19,AVSA,3,3,,,
2021-09-11,"SA, AC, SC",Yerington,17,POOL,1,2,roadside,,
2021-09-11,"SA, AC, SC",Yerington,20,FYGRASS4,1,1,straw field,,
2021-09-11,"SA, AC, SC",Yerington,20,FYGRASS3,4,5,,,
2021-09-11,"SA, AC, SC",Yerington,20,FYGRASS2,12,5,,,
2021-09-11,"SA, AC, SC",Yerington,22,MESA,40,95,alfalfa field,,
2021-09-11,"SA, AC, SC",Yerington,22,TEOF,1,1,,,
2021-09-02,"SA, AC, SC",Minden,1,,,,fallow field/bare soil,,
2021-09-02,"SA, AC, SC",Minden,2,COAR4,2,2,fallow field,,
2021-09-02,"SA, AC, SC",Minden,2,POOL,4,2,,,
2021-09-02,"SA, AC, SC",Minden,2,FMUNK1,5,3,,,
2021-09-02,"SA, AC, SC",Minden,2,AMRE,1,2,,,
2021-09-02,"SA, AC, SC",Minden,2,MAPA5,1,1,,,
2021-09-02,"SA, AC, SC",Minden,3,DYBO,1,1,,,
2021-09-02,"SA, AC, SC",Minden,4,POOL,20,50,fallow field,,
2021-09-02,"SA, AC, SC",Minden,4,BASC5,2,3,margin,,
2021-09-02,"SA, AC, SC",Minden,5,POOL,16,65,margin,,
2021-09-02,"SA, AC, SC",Minden,5,TRTE,2,2,margin,,
2021-09-02,"SA, AC, SC",Minden,6,POOL,11,5,,,
2021-09-02,"SA, AC, SC",Minden,6,COAR4,2,1,,,
2021-09-02,"SA, AC, SC",Minden,6,ATCO,1,1,,,
2021-09-02,"SA, AC, SC",Minden,7,,,,bare soil,,
2021-09-02,"SA, AC, SC",Minden,8,,,,bare soil,,
2021-09-02,"SA, AC, SC",Minden,9,,,,bare soil/dead vegetation,,
2021-09-02,"SA, AC, SC",Minden,10,POOL,3,2,margin,,
2021-09-02,"SA, AC, SC",Minden,10,EQAR4,31,15,,,
2021-09-02,"SA, AC, SC",Minden,10,POLA4,2,5,,,
2021-09-02,"SA, AC, SC",Minden,10,ECCR,1,1,,,
2021-09-02,"SA, AC, SC",Minden,10,PACA6,1,2,,,
2021-09-02,"SA, AC, SC",Minden,10,TAOF,5,2,,,
2021-09-02,"SA, AC, SC",Minden,10,FMGRASS3,3,2,,,
2021-09-02,"SA, AC, SC",Minden,10,FMUNK2,2,2,,,
2021-09-02,"SA, AC, SC",Minden,10,FMUNK3,1,1,,,
2021-09-02,"SA, AC, SC",Minden,10,BIFR,1,1,,,
2021-09-02,"SA, AC, SC",Minden,11,,,,bare soil,,
2021-09-02,"SA, AC, SC",Minden,12,,,,bare soil,,
2021-09-02,"SA, AC, SC",Minden,13,,,,bare soil,,
2021-09-02,"SA, AC, SC",Minden,14,,,,,,
2021-09-02,"SA, AC, SC",Minden,15,GRASSM2,16,85,yellow grass,,
2021-09-02,"SA, AC, SC",Minden,16,,,,blocked gate,,
2021-09-02,"SA, AC, SC",Minden,17,EQAR4,13,15,margin,,
2021-09-02,"SA, AC, SC",Minden,17,BIFR,2,5,,,
2021-09-02,"SA, AC, SC",Minden,17,SIAL2,1,1,,,
2021-09-02,"SA, AC, SC",Minden,17,POOL,3,1,,,
2021-09-02,"SA, AC, SC",Minden,17,PACA6,1,1,,,
2021-09-02,"SA, AC, SC",Minden,18,BIFR,4,5,margin,,
2021-09-02,"SA, AC, SC",Minden,18,EQLA,650,50,,,
2021-09-02,"SA, AC, SC",Minden,18,LASE,2,3,,,
2021-09-02,"SA, AC, SC",Minden,18,MEAR4,10,5,,,
2021-09-02,"SA, AC, SC",Minden,18,FMGRASS4,2,1,,,
2021-09-02,"SA, AC, SC",Minden,18,EPBR3,3,3,,,
2021-09-02,"SA, AC, SC",Minden,18,ELEL5,1,1,,,
2021-09-02,"SA, AC, SC",Minden,18,FMGRASS5,5,10,,,
2021-09-02,"SA, AC, SC",Minden,18,FMUNK4,3,2,,,
2021-09-02,"SA, AC, SC",Minden,18,BRTE,30,5,,,
2021-09-02,"SA, AC, SC",Minden,18,FMUNK3,16,10,,,
2021-09-02,"SA, AC, SC",Minden,19,BASC5,1,4,roadside,,
2021-09-02,"SA, AC, SC",Minden,20,MESA,46,55,alfalfa field,,
2021-09-02,"SA, AC, SC",Minden,20,AMRE,16,15,,,
2021-09-02,"SA, AC, SC",Minden,20,TRTE,3,1,,,
2021-09-02,"SA, AC, SC",Minden,21,MESA,2,5,margin,,
2021-09-02,"SA, AC, SC",Minden,21,ERCE6,7,3,,,
2021-09-02,"SA, AC, SC",Minden,21,FMGRASS6,2,1,,,
2021-09-02,"SA, AC, SC",Minden,22,MESA,20,50,alfalfa field,,
2021-09-02,"SA, AC, SC",Minden,22,POOL,10,30,,,
2021-09-02,"SA, AC, SC",Minden,22,AMRE,5,3,,,
2021-09-02,"SA, AC, SC",Minden,22,FMUNK1,1,1,,,
2021-09-02,"SA, AC, SC",Minden,23,MESA,60,70,alfalfa field,,
2021-09-02,"SA, AC, SC",Minden,23,TEOF,5,2,,,
2021-09-02,"SA, AC, SC",Minden,23,COAR4,1,1,,,
2021-09-02,"SA, AC, SC",Minden,23,FMGRASS7,1,3,,,
2021-09-02,"SA, AC, SC",Minden,24,ERCE6,1,1,margin,,
2021-09-02,"SA, AC, SC",Minden,24,MESA,3,4,,,
2021-09-02,"SA, AC, SC",Minden,25,MAPA5,29,15,margin,,
2021-09-02,"SA, AC, SC",Minden,25,ERCE6,1,1,,,
2021-09-02,"SA, AC, SC",Minden,25,TEOF,2,2,,,
2021-09-02,"SA, AC, SC",Minden,25,MESA,1,3,,,
2021-09-02,"SA, AC, SC",Minden,25,PACA6,4,5,,,
2021-09-02,"SA, AC, SC",Minden,25,AMRE,1,1,,,
2021-09-02,"SA, AC, SC",Minden,26,MESA,45,95,alfalfa field,,
2021-09-02,"SA, AC, SC",Minden,27,AMRE,1,2,alfalfa field,,
2021-09-02,"SA, AC, SC",Minden,27,MESA,32,50,,,
2021-09-02,"SA, AC, SC",Minden,28,MESA,5,5,margin,,
2021-09-02,"SA, AC, SC",Minden,28,PACA6,3,1,,,
2021-09-02,"SA, AC, SC",Minden,28,BASC5,5,15,,,
2021-09-02,"SA, AC, SC",Minden,28,FMGRASS8,8,5,,,
2021-09-02,"SA, AC, SC",Minden,28,FMGRASS9,3,15,,,
2021-09-02,"SA, AC, SC",Minden,28,ERCE6,1,1,,,
2021-09-02,"SA, AC, SC",Minden,28,POOL,1,1,,,
2021-09-02,"SA, AC, SC",Minden,28,FMGRASS10,15,20,,,
2021-09-02,"SA, AC, SC",Minden,29,MESA,3,5,margin,,
2021-09-02,"SA, AC, SC",Minden,29,BASC5,7,5,,,
2021-09-02,"SA, AC, SC",Minden,29,MAPA5,4,5,,,
2021-09-02,"SA, AC, SC",Minden,29,FMGRASS8,3,5,,,
2021-09-02,"SA, AC, SC",Minden,30,MAPA5,1,1,,,
2021-09-02,"SA, AC, SC",Minden,30,FMGRASS8,30,5,,,
2021-09-02,"SA, AC, SC",Minden,30,AMRE,1,2,,,
2021-09-02,"SA, AC, SC",Minden,34,,,,harvested rye,,
2021-09-02,"SA, AC, SC",Minden,35,MESA,40,95,alfalfa field,,
2021-09-02,"SA, AC, SC",Minden,36,MESA,40,95,alfalfa field,,
2021-09-02,"SA, AC, SC",Minden,37,AMTE3,2,1,margin,,
2021-09-02,"SA, AC, SC",Minden,37,SIAL2,2,1,,,
2021-09-02,"SA, AC, SC",Minden,37,BRTE,150,15,,,
2021-09-02,"SA, AC, SC",Minden,37,SATR12,2,5,,,
2021-09-02,"SA, AC, SC",Minden,38,SATR12,1,10,margin,,
2021-09-02,"SA, AC, SC",Minden,38,AMAC2,2,15,,,
2021-09-02,"SA, AC, SC",Minden,39,MESA,40,90,alfalfa field,,
2021-09-02,"SA, AC, SC",Minden,39,FMGRASS8,14,5,,,
2021-09-02,"SA, AC, SC",Minden,39,AMRE,1,1,,,
2021-09-02,"SA, AC, SC",Minden,40,MESA,40,90,margin,,
2021-09-02,"SA, AC, SC",Minden,41,SATR12,3,2,,,
2021-09-02,"SA, AC, SC",Minden,41,BASC5,2,2,,,
2021-09-02,"SA, AC, SC",Minden,41,MESA,5,30,,,
2021-09-02,"SA, AC, SC",Minden,41,FMGRASS8,4,3,,,
2021-09-02,"SA, AC, SC",Minden,42,MESA,40,90,alfalfa field,,
2021-09-02,"SA, AC, SC",Minden,42,AMRE,1,1,,,
2021-09-02,"SA, AC, SC",Minden,43,AMRE,3,3,margin,,
2021-09-02,"SA, AC, SC",Minden,44,ARTR2,1,50,,,
2021-09-02,"SA, AC, SC",Minden,44,SAVE4,1,50,,,
2021-09-02,"SA, AC, SC",Minden,45,,,,bare soil,,
2021-09-02,"SA, AC, SC",Minden,46,,,,harvested oats,,
2021-09-02,"SA, AC, SC",Minden,47,MESA,30,75,alfalfa field,,
2021-09-02,"SA, AC, SC",Minden,48,,,,bare soil,,
2021-09-02,"SA, AC, SC",Minden,49,BRTE,120,10,sagebrush area,,
2021-09-02,"SA, AC, SC",Minden,49,DEPI,1,1,sagebrush area,,
2021-09-02,"SA, AC, SC",Minden,50,BRTE,75,10,sagebrush area,,
2021-09-02,"SA, AC, SC",Minden,50,SATR12,1,2,,,
2021-09-02,"SA, AC, SC",Minden,50,DEPI,1,1,,,
2021-09-02,"SA, AC, SC",Minden,51,MESA,35,85,alfalfa field,,
2021-09-02,"SA, AC, SC",Minden,51,AMRE,1,1,,,
2021-09-02,"SA, AC, SC",Minden,51,FMGRASS8,4,2,,,
2021-09-02,"SA, AC, SC",Minden,52,BRTE,60,1,sagebrush area,,
2021-09-02,"SA, AC, SC",Minden,52,ARTR2,1,20,,,
2021-09-02,"SA, AC, SC",Minden,52,SIAL2,1,1,,,
2021-09-02,"SA, AC, SC",Minden,53,MESA,20,50,alfalfa field,,
2021-09-02,"SA, AC, SC",Minden,53,AMRE,10,30,,,
2021-09-02,"SA, AC, SC",Minden,54,MESA,40,90,alfalfa field,,
2021-09-02,"SA, AC, SC",Minden,54,POOL,5,5,,,
2021-09-02,"SA, AC, SC",Minden,54,AMRE,1,1,,,
2021-09-02,"SA, AC, SC",Minden,54,FMUNK1,1,1,,,
